{"cameraMode":{"drawMode":0,"name":"Shaded","section":"Shading Mode"},"sceneLighting":true,"audioPlay":false,"sceneViewState":{"m_AlwaysRefresh":false,"showFog":true,"showSkybox":true,"showFlares":true,"showImageEffects":true,"showParticleSystems":true,"showVisualEffectGraphs":true,"m_FxEnabled":true},"in2DMode":false,"pivot":{"x":-3.474005937576294,"y":73.92214965820313,"z":-47.5219841003418},"rotation":{"x":-0.043795835226774219,"y":0.002094564726576209,"z":-0.00009137122833635658,"w":-0.9990510940551758},"size":65.1122055053711,"orthographic":false}