{"cameraMode":{"drawMode":0,"name":"Shaded","section":"Shading Mode"},"sceneLighting":true,"audioPlay":false,"sceneViewState":{"m_AlwaysRefresh":false,"showFog":true,"showSkybox":true,"showFlares":true,"showImageEffects":true,"showParticleSystems":true,"showVisualEffectGraphs":true,"m_FxEnabled":true},"in2DMode":false,"pivot":{"x":406.25506591796877,"y":200.15159606933595,"z":102.33108520507813},"rotation":{"x":-0.003309604013338685,"y":0.0005971981445327401,"z":-0.0000019452998003544055,"w":-0.9999947547912598},"size":286.6819152832031,"orthographic":false}